{
  "basemapGallery": {
    "basemaps": [
      {
        "layers": [
          {
            "id": "World_Street_Map_8421",
            "opacity": 1,
            "visibility": true,
            "url": "http://services.arcgisonline.com/ArcGIS/rest/services/World_Street_Map/MapServer"
          }
        ],
        "title": "Calles",
        "thumbnailUrl": "//sigmaingenieria.maps.arcgis.com/sharing/rest/content/items/04e903465a3e497aa669212e08927cee/info/thumbnail/world_street_map.jpg",
        "spatialReference": {
          "wkid": "102100"
        }
      },
      {
        "layers": [
          {
            "id": "World_Imagery_2017",
            "visibility": true,
            "opacity": 1,
            "url": "http://services.arcgisonline.com/ArcGIS/rest/services/World_Imagery/MapServer"
          }
        ],
        "title": "Imágenes",
        "thumbnailUrl": "//sigmaingenieria.maps.arcgis.com/sharing/rest/content/items/5719e4cae1464512811a6da59003b165/info/thumbnail/tempimagery.jpg",
        "spatialReference": {
          "wkid": "102100"
        }
      },
      {
        "layers": [
          {
            "id": "World_Imagery_6611",
            "opacity": 1,
            "visibility": true,
            "url": "http://services.arcgisonline.com/ArcGIS/rest/services/World_Imagery/MapServer"
          },
          {
            "id": "World_Boundaries_and_Places_1145",
            "isReference": true,
            "opacity": 1,
            "visibility": true,
            "url": "http://services.arcgisonline.com/ArcGIS/rest/services/Reference/World_Boundaries_and_Places/MapServer"
          }
        ],
        "title": "Imágenes con etiquetas",
        "thumbnailUrl": "//sigmaingenieria.maps.arcgis.com/sharing/rest/content/items/3027a41ed46d4a9b915590d14fecafc0/info/thumbnail/imagery_labels.jpg",
        "spatialReference": {
          "wkid": "102100"
        }
      },
      {
        "layers": [
          {
            "id": "World_Light_Gray_Base_1486",
            "opacity": 1,
            "visibility": true,
            "url": "http://services.arcgisonline.com/ArcGIS/rest/services/Canvas/World_Light_Gray_Base/MapServer"
          },
          {
            "id": "World_Light_Gray_Reference_8656",
            "isReference": true,
            "opacity": 1,
            "visibility": true,
            "url": "http://services.arcgisonline.com/ArcGIS/rest/services/Canvas/World_Light_Gray_Reference/MapServer"
          }
        ],
        "title": "Lona gris claro",
        "thumbnailUrl": "//sigmaingenieria.maps.arcgis.com/sharing/rest/content/items/79f66c69319e4408a8388c7eb22941a1/info/thumbnail/light_gray_canvas.jpg",
        "spatialReference": {
          "wkid": "102100"
        }
      },
      {
        "layers": [
          {
            "id": "layer0",
            "layerType": "ArcGISTiledMapServiceLayer",
            "opacity": 1,
            "visibility": true,
            "url": "http://services.arcgisonline.com/arcgis/rest/services/Canvas/World_Dark_Gray_Base/MapServer"
          },
          {
            "id": "World_Dark_Gray_Reference_8618",
            "layerType": "ArcGISTiledMapServiceLayer",
            "url": "http://services.arcgisonline.com/arcgis/rest/services/Canvas/World_Dark_Gray_Reference/MapServer",
            "visibility": true,
            "opacity": 1,
            "isReference": true
          }
        ],
        "title": "Lona gris oscuro",
        "thumbnailUrl": "//sigmaingenieria.maps.arcgis.com/sharing/rest/content/items/93bcc427e6584a40966a8bc6401b54c8/info/thumbnail/DGCanvasBase.png",
        "spatialReference": {
          "wkid": 102100
        }
      },
      {
        "layers": [
          {
            "id": "NatGeo_World_Map_2536",
            "opacity": 1,
            "visibility": true,
            "url": "http://services.arcgisonline.com/ArcGIS/rest/services/NatGeo_World_Map/MapServer"
          }
        ],
        "title": "National Geographic",
        "thumbnailUrl": "//sigmaingenieria.maps.arcgis.com/sharing/rest/content/items/7ec6f7c55cf6478596435f2d501834fa/info/thumbnail/natgeo.jpg",
        "spatialReference": {
          "wkid": "102100"
        }
      },
      {
        "layers": [
          {
            "id": "Ocean_Basemap_2089",
            "opacity": 1,
            "visibility": true,
            "url": "http://services.arcgisonline.com/arcgis/rest/services/Ocean/World_Ocean_Base/MapServer"
          },
          {
            "url": "http://services.arcgisonline.com/arcgis/rest/services/Ocean/World_Ocean_Reference/MapServer",
            "id": "World_Ocean_Reference_1261",
            "isReference": true,
            "visibility": true,
            "opacity": 1
          }
        ],
        "title": "Océanos",
        "thumbnailUrl": "//sigmaingenieria.maps.arcgis.com/sharing/rest/content/items/f9498c1f95714efabb626125cb2bb04a/info/thumbnail/tempoceans.jpg",
        "spatialReference": {
          "wkid": "102100"
        }
      },
      {
        "layers": [
          {
            "visibility": true,
            "opacity": 1,
            "type": "OpenStreetMap"
          }
        ],
        "title": "OpenStreetMap",
        "thumbnailUrl": "//sigmaingenieria.maps.arcgis.com/sharing/rest/content/items/d415dff75dd042258ceda46f7252ad70/info/thumbnail/temposm.jpg",
        "spatialReference": {
          "wkid": "102100"
        }
      },
      {
        "layers": [
          {
            "id": "World_Terrain_Base_3",
            "layerType": "ArcGISTiledMapServiceLayer",
            "opacity": 1,
            "visibility": true,
            "url": "http://services.arcgisonline.com/ArcGIS/rest/services/World_Terrain_Base/MapServer"
          },
          {
            "id": "World_Reference_Overlay_5790",
            "layerType": "ArcGISTiledMapServiceLayer",
            "isReference": true,
            "opacity": 1,
            "visibility": true,
            "url": "http://services.arcgisonline.com/ArcGIS/rest/services/Reference/World_Reference_Overlay/MapServer"
          }
        ],
        "title": "Terreno con etiquetas",
        "thumbnailUrl": "//sigmaingenieria.maps.arcgis.com/sharing/rest/content/items/532c8cc75f414ddebc5d665ba00015ca/info/thumbnail/terrain_labels.jpg",
        "spatialReference": {
          "wkid": 102100,
          "latestWkid": 3857
        }
      },
      {
        "layers": [
          {
            "id": "defaultBasemap",
            "opacity": 1,
            "visibility": true,
            "url": "http://services.arcgisonline.com/ArcGIS/rest/services/World_Topo_Map/MapServer"
          }
        ],
        "title": "Topográfico",
        "thumbnailUrl": "//sigmaingenieria.maps.arcgis.com/sharing/rest/content/items/1254ac139ecf423fbb04020bc57025a5/info/thumbnail/topo_map_2.jpg",
        "spatialReference": {
          "wkid": "102100"
        }
      }
    ]
  }
}